<?xml version="1.0" encoding="utf-8"?>
<cecil>

	<types>
		<type name="byte" size="1" />
		<type name="ushort" size="2" />
		<type name="short" size="2" />
		<type name="uint" size="4" />
		<type name="int" size="4" />
		<type name="Mono.Cecil.Binary.DataDirectory" size="8" />
		<type name="Mono.Cecil.Binary.ImageCharacteristics" underlying="ushort" size="2" />
		<type name="Mono.Cecil.Binary.DebugStoreType" underlying="uint" size="4" />
		<type name="Mono.Cecil.Binary.SubSystem" underlying="ushort" size="2" />
		<type name="Mono.Cecil.Binary.SectionCharacteristics" underlying="uint" size="4" />
		<type name="Mono.Cecil.Binary.RVA" size="4" />
		<type name="Mono.Cecil.Binary.RuntimeImage" underlying="uint" size="4" />
		<type name="Mono.Cecil.AssemblyHashAlgorithm" underlying="uint" size="4" />
		<type name="Mono.Cecil.AssemblyFlags" underlying="uint" size="4" />
		<type name="Mono.Cecil.EventAttributes" underlying="ushort" size="2" />
		<type name="Mono.Cecil.TypeAttributes" underlying="uint" size="4" />
		<type name="Mono.Cecil.FieldAttributes" underlying="ushort" size="2" />
		<type name="Mono.Cecil.FileAttributes" underlying="uint" size="4" />
		<type name="Mono.Cecil.GenericParamAttributes" underlying="ushort" size="2" />
		<type name="Mono.Cecil.PInvokeAttributes" underlying="ushort" size="2" />
		<type name="Mono.Cecil.ParamAttributes" underlying="ushort" size="2" />
		<type name="Mono.Cecil.PropertyAttributes" underlying="ushort" size="2" />
		<type name="Mono.Cecil.ManifestResourceAttributes" underlying="uint" size="4" />
		<type name="Mono.Cecil.MethodAttributes" underlying="ushort" size="2" />
		<type name="Mono.Cecil.MethodImplAttributes" underlying="ushort" size="2" />
		<type name="Mono.Cecil.MethodSemanticsAttributes" underlying="ushort" size="2" />
		<type name="Mono.Cecil.SecurityAction" underlying="short" size="2" />
		<type name="Mono.Cecil.Metadata.ElementType" underlying="ushort" size="2" />
		<type name="Mono.Cecil.Metadata.MetadataToken" underlying="uint" size="4" />
	</types>

	<headers>

		<header name="PEFileHeader">
			<field name="Machine" type="ushort" default="0x14c" />
			<field name="NumberOfSections" type="ushort" />
			<field name="TimeDateStamp" type="uint" />
			<field name="PointerToSymbolTable" type="uint" default="0" />
			<field name="NumberOfSymbols" type="uint" default="0" />
			<field name="OptionalHeaderSize" type="ushort" default="0xe0" />
			<field name="Characteristics" type="Mono.Cecil.Binary.ImageCharacteristics" />
		</header>

		<header name="PEOptionalHeader.StandardFieldsHeader">
			<field name="Magic" type="ushort" default="0x10b" />
			<field name="LMajor" type="byte" default="6" />
			<field name="LMinor" type="byte" default="0" />
			<field name="CodeSize" type="uint" />
			<field name="InitializedDataSize" type="uint" />
			<field name="UninitializedDataSize" type="uint" />
			<field name="EntryPointRVA" type="Mono.Cecil.Binary.RVA" />
			<field name="BaseOfCode" type="Mono.Cecil.Binary.RVA" />
			<field name="BaseOfData" type="Mono.Cecil.Binary.RVA" />
		</header>

		<header name="PEOptionalHeader.NTSpecificFieldsHeader">
			<field name="ImageBase" type="uint" default="0x400000" />
			<field name="SectionAlignment" type="uint" default="0x2000" />
			<field name="FileAlignment" type="uint" default="0x200" />
			<field name="OSMajor" type="ushort" default="4" />
			<field name="OSMinor" type="ushort" default="0" />
			<field name="UserMajor" type="ushort" default="0" />
			<field name="UserMinor" type="ushort" default="0" />
			<field name="SubSysMajor" type="ushort" default="4" />
			<field name="SubSysMinor" type="ushort" default="0" />
			<field name="Reserved" type="uint" default="0" />
			<field name="ImageSize" type="uint" />
			<field name="HeaderSize" type="uint" default="0x200" />
			<field name="FileChecksum" type="uint" default="0" />
			<field name="SubSystem" type="Mono.Cecil.Binary.SubSystem" />
			<field name="DLLFlags" type="ushort" default="0" />
			<field name="StackReserveSize" type="uint" default="0x100000" />
			<field name="StackCommitSize" type="uint" default="0x1000" />
			<field name="HeapReserveSize" type="uint" default="0x100000" />
			<field name="HeapCommitSize" type="uint" default="0x1000" />
			<field name="LoaderFlags" type="uint" default="0" />
			<field name="NumberOfDataDir" type="uint" default="0x10" />
		</header>

		<header name="DebugHeader">
			<field name="Characteristics" type="uint" default="0" />
			<field name="TimeDateStamp" type="uint" />
			<field name="MajorVersion" type="ushort" />
			<field name="MinorVersion" type="ushort" />
			<field name="Type" type="Mono.Cecil.Binary.DebugStoreType" />
			<field name="SizeOfData" type="uint" />
			<field name="AddressOfRawData" type="Mono.Cecil.Binary.RVA" />
			<field name="PointerToRawData" type="uint" />
		</header>

		<header name="PEOptionalHeader.DataDirectoriesHeader">
			<field name="ExportTable" type="Mono.Cecil.Binary.DataDirectory" default="DataDirectory.Zero" />
			<field name="ImportTable" type="Mono.Cecil.Binary.DataDirectory" />
			<field name="ResourceTable" type="Mono.Cecil.Binary.DataDirectory" default="DataDirectory.Zero" />
			<field name="ExceptionTable" type="Mono.Cecil.Binary.DataDirectory" default="DataDirectory.Zero" />
			<field name="CertificateTable" type="Mono.Cecil.Binary.DataDirectory" default="DataDirectory.Zero" />
			<field name="BaseRelocationTable" type="Mono.Cecil.Binary.DataDirectory" />
			<field name="Debug" type="Mono.Cecil.Binary.DataDirectory" default="DataDirectory.Zero" />
			<field name="Copyright" type="Mono.Cecil.Binary.DataDirectory" default="DataDirectory.Zero" />
			<field name="GlobalPtr" type="Mono.Cecil.Binary.DataDirectory" default="DataDirectory.Zero" />
			<field name="TLSTable" type="Mono.Cecil.Binary.DataDirectory" default="DataDirectory.Zero" />
			<field name="LoadConfigTable" type="Mono.Cecil.Binary.DataDirectory" default="DataDirectory.Zero" />
			<field name="BoundImport" type="Mono.Cecil.Binary.DataDirectory" default="DataDirectory.Zero" />
			<field name="IAT" type="Mono.Cecil.Binary.DataDirectory" default="new DataDirectory (new RVA (0x2000), 8)" />
			<field name="DelayImportDescriptor" type="Mono.Cecil.Binary.DataDirectory" default="DataDirectory.Zero" />
			<field name="CLIHeader" type="Mono.Cecil.Binary.DataDirectory" default="new DataDirectory (new RVA (0x2008), 0x48)" />
			<field name="Reserved" type="Mono.Cecil.Binary.DataDirectory" default="DataDirectory.Zero" />
		</header>

		<header name="Section">
			<field name="VirtualSize" type="uint" />
			<field name="VirtualAddress" type="Mono.Cecil.Binary.RVA" />
			<field name="SizeOfRawData" type="uint" />
			<field name="PointerToRawData" type="Mono.Cecil.Binary.RVA" />
			<field name="PointerToRelocations" type="Mono.Cecil.Binary.RVA" />
			<field name="PointerToLineNumbers" type="Mono.Cecil.Binary.RVA" default="RVA.Zero" />
			<field name="NumberOfRelocations" type="ushort" />
			<field name="NumberOfLineNumbers" type="ushort" default="0" />
			<field name="Characteristics" type="Mono.Cecil.Binary.SectionCharacteristics" />
		</header>

		<header name="CLIHeader">
			<field name="Cb" type="uint" default="0x48" />
			<field name="MajorRuntimeVersion" type="ushort" default="2" />
			<field name="MinorRuntimeVersion" type="ushort" default="0" />
			<field name="Metadata" type="Mono.Cecil.Binary.DataDirectory" />
			<field name="Flags" type="Mono.Cecil.Binary.RuntimeImage" default="RuntimeImage.ILOnly" />
			<field name="EntryPointToken" type="uint" />
			<field name="Resources" type="Mono.Cecil.Binary.DataDirectory" />
			<field name="StrongNameSignature" type="Mono.Cecil.Binary.DataDirectory" />
			<field name="CodeManagerTable" type="Mono.Cecil.Binary.DataDirectory" default="DataDirectory.Zero" />
			<field name="VTableFixups" type="Mono.Cecil.Binary.DataDirectory" />
			<field name="ExportAddressTableJumps" type="Mono.Cecil.Binary.DataDirectory" default="DataDirectory.Zero" />
			<field name="ManagedNativeHeader" type="Mono.Cecil.Binary.DataDirectory" default="DataDirectory.Zero" />
		</header>

	</headers>

	<!--
		All details about the Metadata
		reader and writer of Cecil
	-->
	<metadata>

		<!--
			This part contains ECMA spec
			about CIL tables and rows positions
			in a valid CLI image
		-->
		<tables>
			<table name="Assembly" rid="0x20">
				<column name="HashAlgId" type="Mono.Cecil.AssemblyHashAlgorithm" />
				<column name="MajorVersion" type="ushort" />
				<column name="MinorVersion" type="ushort" />
				<column name="BuildNumber" type="ushort" />
				<column name="RevisionNumber" type="ushort" />
				<column name="Flags" type="Mono.Cecil.AssemblyFlags" />
				<column name="PublicKey" type="uint" target="BlobHeap" />
				<column name="Name" type="uint" target="StringsHeap" />
				<column name="Culture" type="uint" target="StringsHeap" />
			</table>
			<table name="AssemblyOS" rid="0x22">
				<column name="OSPlatformID" type="uint" />
				<column name="OSMajorVersion" type="uint" />
				<column name="OSMinorVersion" type="uint" />
			</table>
			<table name="AssemblyProcessor" rid="0x21">
				<column name="Processor" type="uint" />
			</table>
			<table name="AssemblyRef" rid="0x23">
				<column name="MajorVersion" type="ushort" />
				<column name="MinorVersion" type="ushort" />
				<column name="BuildNumber" type="ushort" />
				<column name="RevisionNumber" type="ushort" />
				<column name="Flags" type="Mono.Cecil.AssemblyFlags" />
				<column name="PublicKeyOrToken" type="uint" target="BlobHeap" />
				<column name="Name" type="uint" target="StringsHeap" />
				<column name="Culture" type="uint" target="StringsHeap" />
				<column name="HashValue" type="uint" target="BlobHeap" />
			</table>
			<table name="AssemblyRefOS" rid="0x25">
				<column name="OSPlatformID" type="uint" />
				<column name="OSMajorVersion" type="uint" />
				<column name="OSMinorVersion" type="uint" />
				<column name="AssemblyRef" type="uint" target="AssemblyRef" />
			</table>
			<table name="AssemblyRefProcessor" rid="0x24">
				<column name="Processor" type="uint" />
				<column name="AssemblyRef" type="uint" target="AssemblyRef" />
			</table>
			<table name="ClassLayout" rid="0x0f">
				<column name="PackingSize" type="ushort" />
				<column name="ClassSize" type="uint" />
				<column name="Parent" type="uint" target="TypeDef" />
			</table>
			<table name="Constant" rid="0x0b">
				<column name="Type" type="Mono.Cecil.Metadata.ElementType" />
				<column name="Parent" type="Mono.Cecil.Metadata.MetadataToken" target="HasConstant" />
				<column name="Value" type="uint" target="BlobHeap" />
			</table>
			<table name="CustomAttribute" rid="0x0c">
				<column name="Parent" type="Mono.Cecil.Metadata.MetadataToken" target="HasCustomAttribute" />
				<column name="Type" type="Mono.Cecil.Metadata.MetadataToken" target="CustomAttributeType" />
				<column name="Value" type="uint" target="BlobHeap" />
			</table>
			<table name="DeclSecurity" rid="0x0e">
				<column name="Action" type="Mono.Cecil.SecurityAction" />
				<column name="Parent" type="Mono.Cecil.Metadata.MetadataToken" target="HasDeclSecurity" />
				<column name="PermissionSet" type="uint" target="BlobHeap" />
			</table>
			<table name="EventMap" rid="0x12">
				<column name="Parent" type="uint" target="TypeDef" />
				<column name="EventList" type="uint" target="Event" />
			</table>
			<table name="Event" rid="0x14">
				<column name="EventFlags" type="Mono.Cecil.EventAttributes" />
				<column name="Name" type="uint" target="StringsHeap" />
				<column name="EventType" type="Mono.Cecil.Metadata.MetadataToken" target="TypeDefOrRef" />
			</table>
			<table name="ExportedType" rid="0x27">
				<column name="Flags" type="Mono.Cecil.TypeAttributes" />
				<column name="TypeDefId" type="uint" />
				<column name="TypeName" type="uint" target="StringsHeap" />
				<column name="TypeNamespace" type="uint" target="StringsHeap" />
				<column name="Implementation" type="Mono.Cecil.Metadata.MetadataToken" target="Implementation" />
			</table>
			<table name="Field" rid="0x04">
				<column name="Flags" type="Mono.Cecil.FieldAttributes" />
				<column name="Name" type="uint" target="StringsHeap" />
				<column name="Signature" type="uint" target="BlobHeap" />
			</table>
			<table name="FieldLayout" rid="0x10">
				<column name="Offset" type="uint" />
				<column name="Field" type="uint" target="Field" />
			</table>
			<table name="FieldMarshal" rid="0x0d">
				<column name="Parent" type="Mono.Cecil.Metadata.MetadataToken" target="HasFieldMarshal" />
				<column name="NativeType" type="uint" target="BlobHeap" />
			</table>
			<table name="FieldRVA" rid="0x1d">
				<column name="RVA" type="Mono.Cecil.Binary.RVA" />
				<column name="Field" type="uint" target="Field" />
			</table>
			<table name="File" rid="0x26">
				<column name="Flags" type="Mono.Cecil.FileAttributes" />
				<column name="Name" type="uint" target="StringsHeap" />
				<column name="HashValue" type="uint" target="BlobHeap" />
			</table>
			<table name="GenericParam" rid="0x2a" requires="NET_2_0">
				<column name="Number" type="ushort" />
				<column name="Flags" type="Mono.Cecil.GenericParamAttributes" />
				<column name="Owner" type="Mono.Cecil.Metadata.MetadataToken" target="TypeOrMethodDef" />
				<column name="Name" type="uint" target="StringsHeap" />
			</table>
			<table name="GenericParamConstraint" rid="0x2c" requires="NET_2_0">
				<column name="Owner" type="uint" target="GenericParam" />
				<column name="Constraint" type="Mono.Cecil.Metadata.MetadataToken" target="TypeDefOrRef" />
			</table>
			<table name="ImplMap" rid="0x1c">
				<column name="MappingFlags" type="Mono.Cecil.PInvokeAttributes" />
				<column name="MemberForwarded" type="Mono.Cecil.Metadata.MetadataToken" target="MemberForwarded" />
				<column name="ImportName" type="uint" target="StringsHeap" />
				<column name="ImportScope" type="uint" target="ModuleRef" />
			</table>
			<table name="InterfaceImpl" rid="0x09">
				<column name="Class" type="uint" target="TypeDef" />
				<column name="Interface" type="Mono.Cecil.Metadata.MetadataToken" target="TypeDefOrRef" />
			</table>
			<table name="ManifestResource" rid="0x28">
				<column name="Offset" type="uint" />
				<column name="Flags" type="Mono.Cecil.ManifestResourceAttributes" />
				<column name="Name" type="uint" target="StringsHeap" />
				<column name="Implementation" type="Mono.Cecil.Metadata.MetadataToken" target="Implementation" />
			</table>
			<table name="MemberRef" rid="0x0a">
				<column name="Class" type="Mono.Cecil.Metadata.MetadataToken" target="MemberRefParent" />
				<column name="Name" type="uint" target="StringsHeap" />
				<column name="Signature" type="uint" target="BlobHeap" />
			</table>
			<table name="Method" rid="0x06">
				<column name="RVA" type="Mono.Cecil.Binary.RVA" />
				<column name="ImplFlags" type="Mono.Cecil.MethodImplAttributes" />
				<column name="Flags" type="Mono.Cecil.MethodAttributes" />
				<column name="Name" type="uint" target="StringsHeap" />
				<column name="Signature" type="uint" target="BlobHeap" />
				<column name="ParamList" type="uint" target="Param" />
			</table>
			<table name="MethodImpl" rid="0x19">
				<column name="Class" type="uint" target="TypeDef" />
				<column name="MethodBody" type="Mono.Cecil.Metadata.MetadataToken" target="MethodDefOrRef" />
				<column name="MethodDeclaration" type="Mono.Cecil.Metadata.MetadataToken" target="MethodDefOrRef" />
			</table>
			<table name="MethodSemantics" rid="0x18">
				<column name="Semantics" type="Mono.Cecil.MethodSemanticsAttributes" />
				<column name="Method" type="uint" target="Method" />
				<column name="Association" type="Mono.Cecil.Metadata.MetadataToken" target="HasSemantics" />
			</table>
			<table name="MethodSpec" rid="0x2b" requires="NET_2_0">
				<column name="Method" type="Mono.Cecil.Metadata.MetadataToken" target="MethodDefOrRef" />
				<column name="Instantiation" type="uint" target="BlobHeap" />
			</table>
			<table name="Module" rid="0x00">
				<column name="Generation" type="ushort" />
				<column name="Name" type="uint" target="StringsHeap" />
				<column name="Mvid" type="uint" target="GuidHeap" />
				<column name="EncId" type="uint" target="GuidHeap" />
				<column name="EncBaseId" type="uint" target="GuidHeap" />
			</table>
			<table name="ModuleRef" rid="0x1a">
				<column name="Name" type="uint" target="StringsHeap" />
			</table>
			<table name="NestedClass" rid="0x29">
				<column name="NestedClass" type="uint" target="TypeDef" />
				<column name="EnclosingClass" type="uint" target="TypeDef" />
			</table>
			<table name="Param" rid="0x08">
				<column name="Flags" type="Mono.Cecil.ParamAttributes" />
				<column name="Sequence" type="ushort" />
				<column name="Name" type="uint" target="StringsHeap" />
			</table>
			<table name="Property" rid="0x17">
				<column name="Flags" type="Mono.Cecil.PropertyAttributes" />
				<column name="Name" type="uint" target="StringsHeap" />
				<column name="Type" type="uint" target="BlobHeap" />
			</table>
			<table name="PropertyMap" rid="0x15">
				<column name="Parent" type="uint" target="TypeDef" />
				<column name="PropertyList" type="uint" target="Property" />
			</table>
			<table name="StandAloneSig" rid="0x11">
				<column name="Signature" type="uint" target="BlobHeap" />
			</table>
			<table name="TypeDef" rid="0x02">
				<column name="Flags" type="Mono.Cecil.TypeAttributes" />
				<column name="Name" type="uint" target="StringsHeap" />
				<column name="Namespace" type="uint" target="StringsHeap" />
				<column name="Extends" type="Mono.Cecil.Metadata.MetadataToken" target="TypeDefOrRef" />
				<column name="FieldList" type="uint" target="Field" />
				<column name="MethodList" type="uint" target="Method" />
			</table>
			<table name="TypeRef" rid="0x01">
				<column name="ResolutionScope" type="Mono.Cecil.Metadata.MetadataToken" target="ResolutionScope" />
				<column name="Name" type="uint" target="StringsHeap" />
				<column name="Namespace" type="uint" target="StringsHeap" />
			</table>
			<table name="TypeSpec" rid="0x1b">
				<column name="Signature" type="uint" target="BlobHeap" />
			</table>
		</tables>

		<codedindexes>
			<codedindex name="TypeDefOrRef" size="2">
				<table name="TypeDef" tag="0" />
				<table name="TypeRef" tag="1" />
				<table name="TypeSpec" tag="2" />
			</codedindex>
			<codedindex name="HasConstant" size="2">
				<table name="Field" tag="0" />
				<table name="Param" tag="1" />
				<table name="Property" tag="2" />
			</codedindex>
			<codedindex name="HasCustomAttribute" size="5">
				<table name="Method" tag="0" />
				<table name="Field" tag="1" />
				<table name="TypeRef" tag="2" />
				<table name="TypeDef" tag="3" />
				<table name="Param" tag="4" />
				<table name="InterfaceImpl" tag="5" />
				<table name="MemberRef" tag="6" />
				<table name="Module" tag="7" />
				<table name="DeclSecurity" tag="8" />
				<table name="Property" tag="9" />
				<table name="Event" tag="10" />
				<table name="StandAloneSig" tag="11" />
				<table name="ModuleRef" tag="12" />
				<table name="TypeSpec" tag="13" />
				<table name="Assembly" tag="14" />
				<table name="AssemblyRef" tag="15" />
				<table name="File" tag="16" />
				<table name="ExportedType" tag="17" />
				<table name="ManifestResource" tag="18" />
				<table name="GenericParam" tag="19" />
			</codedindex>
			<codedindex name="HasFieldMarshal" size="1">
				<table name="Field" tag="0" />
				<table name="Param" tag="1" />
			</codedindex>
			<codedindex name="HasDeclSecurity" size="2">
				<table name="TypeDef" tag="0" />
				<table name="Method" tag="1" />
				<table name="Assembly" tag="2" />
			</codedindex>
			<codedindex name="MemberRefParent" size="3">
				<table name="TypeDef" tag="0" />
				<table name="TypeRef" tag="1" />
				<table name="ModuleRef" tag="2" />
				<table name="Method" tag="3" />
				<table name="TypeSpec" tag="4" />
			</codedindex>
			<codedindex name="HasSemantics" size="1">
				<table name="Event" tag="0" />
				<table name="Property" tag="1" />
			</codedindex>
			<codedindex name="MethodDefOrRef" size="1">
				<table name="Method" tag="0" />
				<table name="MemberRef" tag="1" />
			</codedindex>
			<codedindex name="MemberForwarded" size="1">
				<table name="Field" tag="0" />
				<table name="Method" tag="1" />
			</codedindex>
			<codedindex name="Implementation" size="2">
				<table name="File" tag="0" />
				<table name="AssemblyRef" tag="1" />
				<table name="ExportedType" tag="2" />
			</codedindex>
			<codedindex name="CustomAttributeType" size="3">
				<table name="Method" tag="2" />
				<table name="MemberRef" tag="3" />
			</codedindex>
			<codedindex name="ResolutionScope" size="2">
				<table name="Module" tag="0" />
				<table name="ModuleRef" tag="1" />
				<table name="AssemblyRef" tag="2" />
				<table name="TypeRef" tag="3" />
			</codedindex>
			<codedindex name="TypeOrMethodDef" size="1" requires="NET_2_0">
				<table name="TypeDef" tag="0" />
				<table name="Method" tag="1" />
			</codedindex>
		</codedindexes>

		<!--
			This part contains all the standards opcodes
		-->
		<opcodes>
			<opcode name="nop" op1="0xff" op2="0x00" flowcontrol="Next" opcodetype="Primitive" operandtype="InlineNone" stackbehaviourpop="Pop0" stackbehaviourpush="Push0" />
			<opcode name="break" op1="0xff" op2="0x01" flowcontrol="Break" opcodetype="Primitive" operandtype="InlineNone" stackbehaviourpop="Pop0" stackbehaviourpush="Push0" />
			<opcode name="ldarg.0" op1="0xff" op2="0x02" flowcontrol="Next" opcodetype="Macro" operandtype="InlineNone" stackbehaviourpop="Pop0" stackbehaviourpush="Push1" />
			<opcode name="ldarg.1" op1="0xff" op2="0x03" flowcontrol="Next" opcodetype="Macro" operandtype="InlineNone" stackbehaviourpop="Pop0" stackbehaviourpush="Push1" />
			<opcode name="ldarg.2" op1="0xff" op2="0x04" flowcontrol="Next" opcodetype="Macro" operandtype="InlineNone" stackbehaviourpop="Pop0" stackbehaviourpush="Push1" />
			<opcode name="ldarg.3" op1="0xff" op2="0x05" flowcontrol="Next" opcodetype="Macro" operandtype="InlineNone" stackbehaviourpop="Pop0" stackbehaviourpush="Push1" />
			<opcode name="ldloc.0" op1="0xff" op2="0x06" flowcontrol="Next" opcodetype="Macro" operandtype="InlineNone" stackbehaviourpop="Pop0" stackbehaviourpush="Push1" />
			<opcode name="ldloc.1" op1="0xff" op2="0x07" flowcontrol="Next" opcodetype="Macro" operandtype="InlineNone" stackbehaviourpop="Pop0" stackbehaviourpush="Push1" />
			<opcode name="ldloc.2" op1="0xff" op2="0x08" flowcontrol="Next" opcodetype="Macro" operandtype="InlineNone" stackbehaviourpop="Pop0" stackbehaviourpush="Push1" />
			<opcode name="ldloc.3" op1="0xff" op2="0x09" flowcontrol="Next" opcodetype="Macro" operandtype="InlineNone" stackbehaviourpop="Pop0" stackbehaviourpush="Push1" />
			<opcode name="stloc.0" op1="0xff" op2="0x0a" flowcontrol="Next" opcodetype="Macro" operandtype="InlineNone" stackbehaviourpop="Pop1" stackbehaviourpush="Push0" />
			<opcode name="stloc.1" op1="0xff" op2="0x0b" flowcontrol="Next" opcodetype="Macro" operandtype="InlineNone" stackbehaviourpop="Pop1" stackbehaviourpush="Push0" />
			<opcode name="stloc.2" op1="0xff" op2="0x0c" flowcontrol="Next" opcodetype="Macro" operandtype="InlineNone" stackbehaviourpop="Pop1" stackbehaviourpush="Push0" />
			<opcode name="stloc.3" op1="0xff" op2="0x0d" flowcontrol="Next" opcodetype="Macro" operandtype="InlineNone" stackbehaviourpop="Pop1" stackbehaviourpush="Push0" />
			<opcode name="ldarg.s" op1="0xff" op2="0x0e" flowcontrol="Next" opcodetype="Macro" operandtype="ShortInlineParam" stackbehaviourpop="Pop0" stackbehaviourpush="Push1" />
			<opcode name="ldarga.s" op1="0xff" op2="0x0f" flowcontrol="Next" opcodetype="Macro" operandtype="ShortInlineParam" stackbehaviourpop="Pop0" stackbehaviourpush="Pushi" />
			<opcode name="starg.s" op1="0xff" op2="0x10" flowcontrol="Next" opcodetype="Macro" operandtype="ShortInlineParam" stackbehaviourpop="Pop1" stackbehaviourpush="Push0" />
			<opcode name="ldloc.s" op1="0xff" op2="0x11" flowcontrol="Next" opcodetype="Macro" operandtype="ShortInlineVar" stackbehaviourpop="Pop0" stackbehaviourpush="Push1" />
			<opcode name="ldloca.s" op1="0xff" op2="0x12" flowcontrol="Next" opcodetype="Macro" operandtype="ShortInlineVar" stackbehaviourpop="Pop0" stackbehaviourpush="Pushi" />
			<opcode name="stloc.s" op1="0xff" op2="0x13" flowcontrol="Next" opcodetype="Macro" operandtype="ShortInlineVar" stackbehaviourpop="Pop1" stackbehaviourpush="Push0" />
			<opcode name="ldnull" op1="0xff" op2="0x14" flowcontrol="Next" opcodetype="Primitive" operandtype="InlineNone" stackbehaviourpop="Pop0" stackbehaviourpush="Pushref" />
			<opcode name="ldc.i4.m1" op1="0xff" op2="0x15" flowcontrol="Next" opcodetype="Macro" operandtype="InlineNone" stackbehaviourpop="Pop0" stackbehaviourpush="Pushi" />
			<opcode name="ldc.i4.0" op1="0xff" op2="0x16" flowcontrol="Next" opcodetype="Macro" operandtype="InlineNone" stackbehaviourpop="Pop0" stackbehaviourpush="Pushi" />
			<opcode name="ldc.i4.1" op1="0xff" op2="0x17" flowcontrol="Next" opcodetype="Macro" operandtype="InlineNone" stackbehaviourpop="Pop0" stackbehaviourpush="Pushi" />
			<opcode name="ldc.i4.2" op1="0xff" op2="0x18" flowcontrol="Next" opcodetype="Macro" operandtype="InlineNone" stackbehaviourpop="Pop0" stackbehaviourpush="Pushi" />
			<opcode name="ldc.i4.3" op1="0xff" op2="0x19" flowcontrol="Next" opcodetype="Macro" operandtype="InlineNone" stackbehaviourpop="Pop0" stackbehaviourpush="Pushi" />
			<opcode name="ldc.i4.4" op1="0xff" op2="0x1a" flowcontrol="Next" opcodetype="Macro" operandtype="InlineNone" stackbehaviourpop="Pop0" stackbehaviourpush="Pushi" />
			<opcode name="ldc.i4.5" op1="0xff" op2="0x1b" flowcontrol="Next" opcodetype="Macro" operandtype="InlineNone" stackbehaviourpop="Pop0" stackbehaviourpush="Pushi" />
			<opcode name="ldc.i4.6" op1="0xff" op2="0x1c" flowcontrol="Next" opcodetype="Macro" operandtype="InlineNone" stackbehaviourpop="Pop0" stackbehaviourpush="Pushi" />
			<opcode name="ldc.i4.7" op1="0xff" op2="0x1d" flowcontrol="Next" opcodetype="Macro" operandtype="InlineNone" stackbehaviourpop="Pop0" stackbehaviourpush="Pushi" />
			<opcode name="ldc.i4.8" op1="0xff" op2="0x1e" flowcontrol="Next" opcodetype="Macro" operandtype="InlineNone" stackbehaviourpop="Pop0" stackbehaviourpush="Pushi" />
			<opcode name="ldc.i4.s" op1="0xff" op2="0x1f" flowcontrol="Next" opcodetype="Macro" operandtype="ShortInlineI" stackbehaviourpop="Pop0" stackbehaviourpush="Pushi" />
			<opcode name="ldc.i4" op1="0xff" op2="0x20" flowcontrol="Next" opcodetype="Primitive" operandtype="InlineI" stackbehaviourpop="Pop0" stackbehaviourpush="Pushi" />
			<opcode name="ldc.i8" op1="0xff" op2="0x21" flowcontrol="Next" opcodetype="Primitive" operandtype="InlineI8" stackbehaviourpop="Pop0" stackbehaviourpush="Pushi8" />
			<opcode name="ldc.r4" op1="0xff" op2="0x22" flowcontrol="Next" opcodetype="Primitive" operandtype="ShortInlineR" stackbehaviourpop="Pop0" stackbehaviourpush="Pushr4" />
			<opcode name="ldc.r8" op1="0xff" op2="0x23" flowcontrol="Next" opcodetype="Primitive" operandtype="InlineR" stackbehaviourpop="Pop0" stackbehaviourpush="Pushr8" />
			<opcode name="dup" op1="0xff" op2="0x25" flowcontrol="Next" opcodetype="Primitive" operandtype="InlineNone" stackbehaviourpop="Pop1" stackbehaviourpush="Push1_push1" />
			<opcode name="pop" op1="0xff" op2="0x26" flowcontrol="Next" opcodetype="Primitive" operandtype="InlineNone" stackbehaviourpop="Pop1" stackbehaviourpush="Push0" />
			<opcode name="jmp" op1="0xff" op2="0x27" flowcontrol="Call" opcodetype="Primitive" operandtype="InlineMethod" stackbehaviourpop="Pop0" stackbehaviourpush="Push0" />
			<opcode name="call" op1="0xff" op2="0x28" flowcontrol="Call" opcodetype="Primitive" operandtype="InlineMethod" stackbehaviourpop="Varpop" stackbehaviourpush="Varpush" />
			<opcode name="calli" op1="0xff" op2="0x29" flowcontrol="Call" opcodetype="Primitive" operandtype="InlineSig" stackbehaviourpop="Varpop" stackbehaviourpush="Varpush" />
			<opcode name="ret" op1="0xff" op2="0x2a" flowcontrol="Return" opcodetype="Primitive" operandtype="InlineNone" stackbehaviourpop="Varpop" stackbehaviourpush="Push0" />
			<opcode name="br.s" op1="0xff" op2="0x2b" flowcontrol="Branch" opcodetype="Macro" operandtype="ShortInlineBrTarget" stackbehaviourpop="Pop0" stackbehaviourpush="Push0" />
			<opcode name="brfalse.s" op1="0xff" op2="0x2c" flowcontrol="Cond_Branch" opcodetype="Macro" operandtype="ShortInlineBrTarget" stackbehaviourpop="Popi" stackbehaviourpush="Push0" />
			<opcode name="brtrue.s" op1="0xff" op2="0x2d" flowcontrol="Cond_Branch" opcodetype="Macro" operandtype="ShortInlineBrTarget" stackbehaviourpop="Popi" stackbehaviourpush="Push0" />
			<opcode name="beq.s" op1="0xff" op2="0x2e" flowcontrol="Cond_Branch" opcodetype="Macro" operandtype="ShortInlineBrTarget" stackbehaviourpop="Pop1_pop1" stackbehaviourpush="Push0" />
			<opcode name="bge.s" op1="0xff" op2="0x2f" flowcontrol="Cond_Branch" opcodetype="Macro" operandtype="ShortInlineBrTarget" stackbehaviourpop="Pop1_pop1" stackbehaviourpush="Push0" />
			<opcode name="bgt.s" op1="0xff" op2="0x30" flowcontrol="Cond_Branch" opcodetype="Macro" operandtype="ShortInlineBrTarget" stackbehaviourpop="Pop1_pop1" stackbehaviourpush="Push0" />
			<opcode name="ble.s" op1="0xff" op2="0x31" flowcontrol="Cond_Branch" opcodetype="Macro" operandtype="ShortInlineBrTarget" stackbehaviourpop="Pop1_pop1" stackbehaviourpush="Push0" />
			<opcode name="blt.s" op1="0xff" op2="0x32" flowcontrol="Cond_Branch" opcodetype="Macro" operandtype="ShortInlineBrTarget" stackbehaviourpop="Pop1_pop1" stackbehaviourpush="Push0" />
			<opcode name="bne.un.s" op1="0xff" op2="0x33" flowcontrol="Cond_Branch" opcodetype="Macro" operandtype="ShortInlineBrTarget" stackbehaviourpop="Pop1_pop1" stackbehaviourpush="Push0" />
			<opcode name="bge.un.s" op1="0xff" op2="0x34" flowcontrol="Cond_Branch" opcodetype="Macro" operandtype="ShortInlineBrTarget" stackbehaviourpop="Pop1_pop1" stackbehaviourpush="Push0" />
			<opcode name="bgt.un.s" op1="0xff" op2="0x35" flowcontrol="Cond_Branch" opcodetype="Macro" operandtype="ShortInlineBrTarget" stackbehaviourpop="Pop1_pop1" stackbehaviourpush="Push0" />
			<opcode name="ble.un.s" op1="0xff" op2="0x36" flowcontrol="Cond_Branch" opcodetype="Macro" operandtype="ShortInlineBrTarget" stackbehaviourpop="Pop1_pop1" stackbehaviourpush="Push0" />
			<opcode name="blt.un.s" op1="0xff" op2="0x37" flowcontrol="Cond_Branch" opcodetype="Macro" operandtype="ShortInlineBrTarget" stackbehaviourpop="Pop1_pop1" stackbehaviourpush="Push0" />
			<opcode name="br" op1="0xff" op2="0x38" flowcontrol="Branch" opcodetype="Primitive" operandtype="InlineBrTarget" stackbehaviourpop="Pop0" stackbehaviourpush="Push0" />
			<opcode name="brfalse" op1="0xff" op2="0x39" flowcontrol="Cond_Branch" opcodetype="Primitive" operandtype="InlineBrTarget" stackbehaviourpop="Popi" stackbehaviourpush="Push0" />
			<opcode name="brtrue" op1="0xff" op2="0x3a" flowcontrol="Cond_Branch" opcodetype="Primitive" operandtype="InlineBrTarget" stackbehaviourpop="Popi" stackbehaviourpush="Push0" />
			<opcode name="beq" op1="0xff" op2="0x3b" flowcontrol="Cond_Branch" opcodetype="Macro" operandtype="InlineBrTarget" stackbehaviourpop="Pop1_pop1" stackbehaviourpush="Push0" />
			<opcode name="bge" op1="0xff" op2="0x3c" flowcontrol="Cond_Branch" opcodetype="Macro" operandtype="InlineBrTarget" stackbehaviourpop="Pop1_pop1" stackbehaviourpush="Push0" />
			<opcode name="bgt" op1="0xff" op2="0x3d" flowcontrol="Cond_Branch" opcodetype="Macro" operandtype="InlineBrTarget" stackbehaviourpop="Pop1_pop1" stackbehaviourpush="Push0" />
			<opcode name="ble" op1="0xff" op2="0x3e" flowcontrol="Cond_Branch" opcodetype="Macro" operandtype="InlineBrTarget" stackbehaviourpop="Pop1_pop1" stackbehaviourpush="Push0" />
			<opcode name="blt" op1="0xff" op2="0x3f" flowcontrol="Cond_Branch" opcodetype="Macro" operandtype="InlineBrTarget" stackbehaviourpop="Pop1_pop1" stackbehaviourpush="Push0" />
			<opcode name="bne.un" op1="0xff" op2="0x40" flowcontrol="Cond_Branch" opcodetype="Macro" operandtype="InlineBrTarget" stackbehaviourpop="Pop1_pop1" stackbehaviourpush="Push0" />
			<opcode name="bge.un" op1="0xff" op2="0x41" flowcontrol="Cond_Branch" opcodetype="Macro" operandtype="InlineBrTarget" stackbehaviourpop="Pop1_pop1" stackbehaviourpush="Push0" />
			<opcode name="bgt.un" op1="0xff" op2="0x42" flowcontrol="Cond_Branch" opcodetype="Macro" operandtype="InlineBrTarget" stackbehaviourpop="Pop1_pop1" stackbehaviourpush="Push0" />
			<opcode name="ble.un" op1="0xff" op2="0x43" flowcontrol="Cond_Branch" opcodetype="Macro" operandtype="InlineBrTarget" stackbehaviourpop="Pop1_pop1" stackbehaviourpush="Push0" />
			<opcode name="blt.un" op1="0xff" op2="0x44" flowcontrol="Cond_Branch" opcodetype="Macro" operandtype="InlineBrTarget" stackbehaviourpop="Pop1_pop1" stackbehaviourpush="Push0" />
			<opcode name="switch" op1="0xff" op2="0x45" flowcontrol="Cond_Branch" opcodetype="Primitive" operandtype="InlineSwitch" stackbehaviourpop="Popi" stackbehaviourpush="Push0" />
			<opcode name="ldind.i1" op1="0xff" op2="0x46" flowcontrol="Next" opcodetype="Primitive" operandtype="InlineNone" stackbehaviourpop="Popi" stackbehaviourpush="Pushi" />
			<opcode name="ldind.u1" op1="0xff" op2="0x47" flowcontrol="Next" opcodetype="Primitive" operandtype="InlineNone" stackbehaviourpop="Popi" stackbehaviourpush="Pushi" />
			<opcode name="ldind.i2" op1="0xff" op2="0x48" flowcontrol="Next" opcodetype="Primitive" operandtype="InlineNone" stackbehaviourpop="Popi" stackbehaviourpush="Pushi" />
			<opcode name="ldind.u2" op1="0xff" op2="0x49" flowcontrol="Next" opcodetype="Primitive" operandtype="InlineNone" stackbehaviourpop="Popi" stackbehaviourpush="Pushi" />
			<opcode name="ldind.i4" op1="0xff" op2="0x4a" flowcontrol="Next" opcodetype="Primitive" operandtype="InlineNone" stackbehaviourpop="Popi" stackbehaviourpush="Pushi" />
			<opcode name="ldind.u4" op1="0xff" op2="0x4b" flowcontrol="Next" opcodetype="Primitive" operandtype="InlineNone" stackbehaviourpop="Popi" stackbehaviourpush="Pushi" />
			<opcode name="ldind.i8" op1="0xff" op2="0x4c" flowcontrol="Next" opcodetype="Primitive" operandtype="InlineNone" stackbehaviourpop="Popi" stackbehaviourpush="Pushi8" />
			<opcode name="ldind.i" op1="0xff" op2="0x4d" flowcontrol="Next" opcodetype="Primitive" operandtype="InlineNone" stackbehaviourpop="Popi" stackbehaviourpush="Pushi" />
			<opcode name="ldind.r4" op1="0xff" op2="0x4e" flowcontrol="Next" opcodetype="Primitive" operandtype="InlineNone" stackbehaviourpop="Popi" stackbehaviourpush="Pushr4" />
			<opcode name="ldind.r8" op1="0xff" op2="0x4f" flowcontrol="Next" opcodetype="Primitive" operandtype="InlineNone" stackbehaviourpop="Popi" stackbehaviourpush="Pushr8" />
			<opcode name="ldind.ref" op1="0xff" op2="0x50" flowcontrol="Next" opcodetype="Primitive" operandtype="InlineNone" stackbehaviourpop="Popi" stackbehaviourpush="Pushref" />
			<opcode name="stind.ref" op1="0xff" op2="0x51" flowcontrol="Next" opcodetype="Primitive" operandtype="InlineNone" stackbehaviourpop="Popi_popi" stackbehaviourpush="Push0" />
			<opcode name="stind.i1" op1="0xff" op2="0x52" flowcontrol="Next" opcodetype="Primitive" operandtype="InlineNone" stackbehaviourpop="Popi_popi" stackbehaviourpush="Push0" />
			<opcode name="stind.i2" op1="0xff" op2="0x53" flowcontrol="Next" opcodetype="Primitive" operandtype="InlineNone" stackbehaviourpop="Popi_popi" stackbehaviourpush="Push0" />
			<opcode name="stind.i4" op1="0xff" op2="0x54" flowcontrol="Next" opcodetype="Primitive" operandtype="InlineNone" stackbehaviourpop="Popi_popi" stackbehaviourpush="Push0" />
			<opcode name="stind.i8" op1="0xff" op2="0x55" flowcontrol="Next" opcodetype="Primitive" operandtype="InlineNone" stackbehaviourpop="Popi_popi8" stackbehaviourpush="Push0" />
			<opcode name="stind.r4" op1="0xff" op2="0x56" flowcontrol="Next" opcodetype="Primitive" operandtype="InlineNone" stackbehaviourpop="Popi_popr4" stackbehaviourpush="Push0" />
			<opcode name="stind.r8" op1="0xff" op2="0x57" flowcontrol="Next" opcodetype="Primitive" operandtype="InlineNone" stackbehaviourpop="Popi_popr8" stackbehaviourpush="Push0" />
			<opcode name="add" op1="0xff" op2="0x58" flowcontrol="Next" opcodetype="Primitive" operandtype="InlineNone" stackbehaviourpop="Pop1_pop1" stackbehaviourpush="Push1" />
			<opcode name="sub" op1="0xff" op2="0x59" flowcontrol="Next" opcodetype="Primitive" operandtype="InlineNone" stackbehaviourpop="Pop1_pop1" stackbehaviourpush="Push1" />
			<opcode name="mul" op1="0xff" op2="0x5a" flowcontrol="Next" opcodetype="Primitive" operandtype="InlineNone" stackbehaviourpop="Pop1_pop1" stackbehaviourpush="Push1" />
			<opcode name="div" op1="0xff" op2="0x5b" flowcontrol="Next" opcodetype="Primitive" operandtype="InlineNone" stackbehaviourpop="Pop1_pop1" stackbehaviourpush="Push1" />
			<opcode name="div.un" op1="0xff" op2="0x5c" flowcontrol="Next" opcodetype="Primitive" operandtype="InlineNone" stackbehaviourpop="Pop1_pop1" stackbehaviourpush="Push1" />
			<opcode name="rem" op1="0xff" op2="0x5d" flowcontrol="Next" opcodetype="Primitive" operandtype="InlineNone" stackbehaviourpop="Pop1_pop1" stackbehaviourpush="Push1" />
			<opcode name="rem.un" op1="0xff" op2="0x5e" flowcontrol="Next" opcodetype="Primitive" operandtype="InlineNone" stackbehaviourpop="Pop1_pop1" stackbehaviourpush="Push1" />
			<opcode name="and" op1="0xff" op2="0x5f" flowcontrol="Next" opcodetype="Primitive" operandtype="InlineNone" stackbehaviourpop="Pop1_pop1" stackbehaviourpush="Push1" />
			<opcode name="or" op1="0xff" op2="0x60" flowcontrol="Next" opcodetype="Primitive" operandtype="InlineNone" stackbehaviourpop="Pop1_pop1" stackbehaviourpush="Push1" />
			<opcode name="xor" op1="0xff" op2="0x61" flowcontrol="Next" opcodetype="Primitive" operandtype="InlineNone" stackbehaviourpop="Pop1_pop1" stackbehaviourpush="Push1" />
			<opcode name="shl" op1="0xff" op2="0x62" flowcontrol="Next" opcodetype="Primitive" operandtype="InlineNone" stackbehaviourpop="Pop1_pop1" stackbehaviourpush="Push1" />
			<opcode name="shr" op1="0xff" op2="0x63" flowcontrol="Next" opcodetype="Primitive" operandtype="InlineNone" stackbehaviourpop="Pop1_pop1" stackbehaviourpush="Push1" />
			<opcode name="shr.un" op1="0xff" op2="0x64" flowcontrol="Next" opcodetype="Primitive" operandtype="InlineNone" stackbehaviourpop="Pop1_pop1" stackbehaviourpush="Push1" />
			<opcode name="neg" op1="0xff" op2="0x65" flowcontrol="Next" opcodetype="Primitive" operandtype="InlineNone" stackbehaviourpop="Pop1" stackbehaviourpush="Push1" />
			<opcode name="not" op1="0xff" op2="0x66" flowcontrol="Next" opcodetype="Primitive" operandtype="InlineNone" stackbehaviourpop="Pop1" stackbehaviourpush="Push1" />
			<opcode name="conv.i1" op1="0xff" op2="0x67" flowcontrol="Next" opcodetype="Primitive" operandtype="InlineNone" stackbehaviourpop="Pop1" stackbehaviourpush="Pushi" />
			<opcode name="conv.i2" op1="0xff" op2="0x68" flowcontrol="Next" opcodetype="Primitive" operandtype="InlineNone" stackbehaviourpop="Pop1" stackbehaviourpush="Pushi" />
			<opcode name="conv.i4" op1="0xff" op2="0x69" flowcontrol="Next" opcodetype="Primitive" operandtype="InlineNone" stackbehaviourpop="Pop1" stackbehaviourpush="Pushi" />
			<opcode name="conv.i8" op1="0xff" op2="0x6a" flowcontrol="Next" opcodetype="Primitive" operandtype="InlineNone" stackbehaviourpop="Pop1" stackbehaviourpush="Pushi8" />
			<opcode name="conv.r4" op1="0xff" op2="0x6b" flowcontrol="Next" opcodetype="Primitive" operandtype="InlineNone" stackbehaviourpop="Pop1" stackbehaviourpush="Pushr4" />
			<opcode name="conv.r8" op1="0xff" op2="0x6c" flowcontrol="Next" opcodetype="Primitive" operandtype="InlineNone" stackbehaviourpop="Pop1" stackbehaviourpush="Pushr8" />
			<opcode name="conv.u4" op1="0xff" op2="0x6d" flowcontrol="Next" opcodetype="Primitive" operandtype="InlineNone" stackbehaviourpop="Pop1" stackbehaviourpush="Pushi" />
			<opcode name="conv.u8" op1="0xff" op2="0x6e" flowcontrol="Next" opcodetype="Primitive" operandtype="InlineNone" stackbehaviourpop="Pop1" stackbehaviourpush="Pushi8" />
			<opcode name="callvirt" op1="0xff" op2="0x6f" flowcontrol="Call" opcodetype="Objmodel" operandtype="InlineMethod" stackbehaviourpop="Varpop" stackbehaviourpush="Varpush" />
			<opcode name="cpobj" op1="0xff" op2="0x70" flowcontrol="Next" opcodetype="Objmodel" operandtype="InlineType" stackbehaviourpop="Popi_popi" stackbehaviourpush="Push0" />
			<opcode name="ldobj" op1="0xff" op2="0x71" flowcontrol="Next" opcodetype="Objmodel" operandtype="InlineType" stackbehaviourpop="Popi" stackbehaviourpush="Push1" />
			<opcode name="ldstr" op1="0xff" op2="0x72" flowcontrol="Next" opcodetype="Objmodel" operandtype="InlineString" stackbehaviourpop="Pop0" stackbehaviourpush="Pushref" />
			<opcode name="newobj" op1="0xff" op2="0x73" flowcontrol="Call" opcodetype="Objmodel" operandtype="InlineMethod" stackbehaviourpop="Varpop" stackbehaviourpush="Pushref" />
			<opcode name="castclass" op1="0xff" op2="0x74" flowcontrol="Next" opcodetype="Objmodel" operandtype="InlineType" stackbehaviourpop="Popref" stackbehaviourpush="Pushref" />
			<opcode name="isinst" op1="0xff" op2="0x75" flowcontrol="Next" opcodetype="Objmodel" operandtype="InlineType" stackbehaviourpop="Popref" stackbehaviourpush="Pushi" />
			<opcode name="conv.r.un" op1="0xff" op2="0x76" flowcontrol="Next" opcodetype="Primitive" operandtype="InlineNone" stackbehaviourpop="Pop1" stackbehaviourpush="Pushr8" />
			<opcode name="unbox" op1="0xff" op2="0x79" flowcontrol="Next" opcodetype="Primitive" operandtype="InlineType" stackbehaviourpop="Popref" stackbehaviourpush="Pushi" />
			<opcode name="throw" op1="0xff" op2="0x7a" flowcontrol="Throw" opcodetype="Objmodel" operandtype="InlineNone" stackbehaviourpop="Popref" stackbehaviourpush="Push0" />
			<opcode name="ldfld" op1="0xff" op2="0x7b" flowcontrol="Next" opcodetype="Objmodel" operandtype="InlineField" stackbehaviourpop="Popref" stackbehaviourpush="Push1" />
			<opcode name="ldflda" op1="0xff" op2="0x7c" flowcontrol="Next" opcodetype="Objmodel" operandtype="InlineField" stackbehaviourpop="Popref" stackbehaviourpush="Pushi" />
			<opcode name="stfld" op1="0xff" op2="0x7d" flowcontrol="Next" opcodetype="Objmodel" operandtype="InlineField" stackbehaviourpop="Popref_pop1" stackbehaviourpush="Push0" />
			<opcode name="ldsfld" op1="0xff" op2="0x7e" flowcontrol="Next" opcodetype="Objmodel" operandtype="InlineField" stackbehaviourpop="Pop0" stackbehaviourpush="Push1" />
			<opcode name="ldsflda" op1="0xff" op2="0x7f" flowcontrol="Next" opcodetype="Objmodel" operandtype="InlineField" stackbehaviourpop="Pop0" stackbehaviourpush="Pushi" />
			<opcode name="stsfld" op1="0xff" op2="0x80" flowcontrol="Next" opcodetype="Objmodel" operandtype="InlineField" stackbehaviourpop="Pop1" stackbehaviourpush="Push0" />
			<opcode name="stobj" op1="0xff" op2="0x81" flowcontrol="Next" opcodetype="Objmodel" operandtype="InlineType" stackbehaviourpop="Popi_pop1" stackbehaviourpush="Push0" />
			<opcode name="conv.ovf.i1.un" op1="0xff" op2="0x82" flowcontrol="Next" opcodetype="Primitive" operandtype="InlineNone" stackbehaviourpop="Pop1" stackbehaviourpush="Pushi" />
			<opcode name="conv.ovf.i2.un" op1="0xff" op2="0x83" flowcontrol="Next" opcodetype="Primitive" operandtype="InlineNone" stackbehaviourpop="Pop1" stackbehaviourpush="Pushi" />
			<opcode name="conv.ovf.i4.un" op1="0xff" op2="0x84" flowcontrol="Next" opcodetype="Primitive" operandtype="InlineNone" stackbehaviourpop="Pop1" stackbehaviourpush="Pushi" />
			<opcode name="conv.ovf.i8.un" op1="0xff" op2="0x85" flowcontrol="Next" opcodetype="Primitive" operandtype="InlineNone" stackbehaviourpop="Pop1" stackbehaviourpush="Pushi8" />
			<opcode name="conv.ovf.u1.un" op1="0xff" op2="0x86" flowcontrol="Next" opcodetype="Primitive" operandtype="InlineNone" stackbehaviourpop="Pop1" stackbehaviourpush="Pushi" />
			<opcode name="conv.ovf.u2.un" op1="0xff" op2="0x87" flowcontrol="Next" opcodetype="Primitive" operandtype="InlineNone" stackbehaviourpop="Pop1" stackbehaviourpush="Pushi" />
			<opcode name="conv.ovf.u4.un" op1="0xff" op2="0x88" flowcontrol="Next" opcodetype="Primitive" operandtype="InlineNone" stackbehaviourpop="Pop1" stackbehaviourpush="Pushi" />
			<opcode name="conv.ovf.u8.un" op1="0xff" op2="0x89" flowcontrol="Next" opcodetype="Primitive" operandtype="InlineNone" stackbehaviourpop="Pop1" stackbehaviourpush="Pushi8" />
			<opcode name="conv.ovf.i.un" op1="0xff" op2="0x8a" flowcontrol="Next" opcodetype="Primitive" operandtype="InlineNone" stackbehaviourpop="Pop1" stackbehaviourpush="Pushi" />
			<opcode name="conv.ovf.u.un" op1="0xff" op2="0x8b" flowcontrol="Next" opcodetype="Primitive" operandtype="InlineNone" stackbehaviourpop="Pop1" stackbehaviourpush="Pushi" />
			<opcode name="box" op1="0xff" op2="0x8c" flowcontrol="Next" opcodetype="Primitive" operandtype="InlineType" stackbehaviourpop="Pop1" stackbehaviourpush="Pushref" />
			<opcode name="newarr" op1="0xff" op2="0x8d" flowcontrol="Next" opcodetype="Objmodel" operandtype="InlineType" stackbehaviourpop="Popi" stackbehaviourpush="Pushref" />
			<opcode name="ldlen" op1="0xff" op2="0x8e" flowcontrol="Next" opcodetype="Objmodel" operandtype="InlineNone" stackbehaviourpop="Popref" stackbehaviourpush="Pushi" />
			<opcode name="ldelema" op1="0xff" op2="0x8f" flowcontrol="Next" opcodetype="Objmodel" operandtype="InlineType" stackbehaviourpop="Popref_popi" stackbehaviourpush="Pushi" />
			<opcode name="ldelem.i1" op1="0xff" op2="0x90" flowcontrol="Next" opcodetype="Objmodel" operandtype="InlineNone" stackbehaviourpop="Popref_popi" stackbehaviourpush="Pushi" />
			<opcode name="ldelem.u1" op1="0xff" op2="0x91" flowcontrol="Next" opcodetype="Objmodel" operandtype="InlineNone" stackbehaviourpop="Popref_popi" stackbehaviourpush="Pushi" />
			<opcode name="ldelem.i2" op1="0xff" op2="0x92" flowcontrol="Next" opcodetype="Objmodel" operandtype="InlineNone" stackbehaviourpop="Popref_popi" stackbehaviourpush="Pushi" />
			<opcode name="ldelem.u2" op1="0xff" op2="0x93" flowcontrol="Next" opcodetype="Objmodel" operandtype="InlineNone" stackbehaviourpop="Popref_popi" stackbehaviourpush="Pushi" />
			<opcode name="ldelem.i4" op1="0xff" op2="0x94" flowcontrol="Next" opcodetype="Objmodel" operandtype="InlineNone" stackbehaviourpop="Popref_popi" stackbehaviourpush="Pushi" />
			<opcode name="ldelem.u4" op1="0xff" op2="0x95" flowcontrol="Next" opcodetype="Objmodel" operandtype="InlineNone" stackbehaviourpop="Popref_popi" stackbehaviourpush="Pushi" />
			<opcode name="ldelem.i8" op1="0xff" op2="0x96" flowcontrol="Next" opcodetype="Objmodel" operandtype="InlineNone" stackbehaviourpop="Popref_popi" stackbehaviourpush="Pushi8" />
			<opcode name="ldelem.i" op1="0xff" op2="0x97" flowcontrol="Next" opcodetype="Objmodel" operandtype="InlineNone" stackbehaviourpop="Popref_popi" stackbehaviourpush="Pushi" />
			<opcode name="ldelem.r4" op1="0xff" op2="0x98" flowcontrol="Next" opcodetype="Objmodel" operandtype="InlineNone" stackbehaviourpop="Popref_popi" stackbehaviourpush="Pushr4" />
			<opcode name="ldelem.r8" op1="0xff" op2="0x99" flowcontrol="Next" opcodetype="Objmodel" operandtype="InlineNone" stackbehaviourpop="Popref_popi" stackbehaviourpush="Pushr8" />
			<opcode name="ldelem.ref" op1="0xff" op2="0x9a" flowcontrol="Next" opcodetype="Objmodel" operandtype="InlineNone" stackbehaviourpop="Popref_popi" stackbehaviourpush="Pushref" />
			<opcode name="stelem.i" op1="0xff" op2="0x9b" flowcontrol="Next" opcodetype="Objmodel" operandtype="InlineNone" stackbehaviourpop="Popref_popi_popi" stackbehaviourpush="Push0" />
			<opcode name="stelem.i1" op1="0xff" op2="0x9c" flowcontrol="Next" opcodetype="Objmodel" operandtype="InlineNone" stackbehaviourpop="Popref_popi_popi" stackbehaviourpush="Push0" />
			<opcode name="stelem.i2" op1="0xff" op2="0x9d" flowcontrol="Next" opcodetype="Objmodel" operandtype="InlineNone" stackbehaviourpop="Popref_popi_popi" stackbehaviourpush="Push0" />
			<opcode name="stelem.i4" op1="0xff" op2="0x9e" flowcontrol="Next" opcodetype="Objmodel" operandtype="InlineNone" stackbehaviourpop="Popref_popi_popi" stackbehaviourpush="Push0" />
			<opcode name="stelem.i8" op1="0xff" op2="0x9f" flowcontrol="Next" opcodetype="Objmodel" operandtype="InlineNone" stackbehaviourpop="Popref_popi_popi8" stackbehaviourpush="Push0" />
			<opcode name="stelem.r4" op1="0xff" op2="0xa0" flowcontrol="Next" opcodetype="Objmodel" operandtype="InlineNone" stackbehaviourpop="Popref_popi_popr4" stackbehaviourpush="Push0" />
			<opcode name="stelem.r8" op1="0xff" op2="0xa1" flowcontrol="Next" opcodetype="Objmodel" operandtype="InlineNone" stackbehaviourpop="Popref_popi_popr8" stackbehaviourpush="Push0" />
			<opcode name="stelem.ref" op1="0xff" op2="0xa2" flowcontrol="Next" opcodetype="Objmodel" operandtype="InlineNone" stackbehaviourpop="Popref_popi_popref" stackbehaviourpush="Push0" />
			<opcode name="ldelem.any" op1="0xff" op2="0xa3" flowcontrol="Next" opcodetype="Objmodel" operandtype="InlineType" stackbehaviourpop="Popi" stackbehaviourpush="Push1" requires="NET_2_0" />
			<opcode name="stelem.any" op1="0xff" op2="0xa4" flowcontrol="Next" opcodetype="Objmodel" operandtype="InlineType" stackbehaviourpop="Popref_popi_popref" stackbehaviourpush="Push0" requires="NET_2_0" />
			<opcode name="unbox.any" op1="0xff" op2="0xa5" flowcontrol="Next" opcodetype="Objmodel" operandtype="InlineType" stackbehaviourpop="Popref" stackbehaviourpush="Push1" requires="NET_2_0" />
			<opcode name="conv.ovf.i1" op1="0xff" op2="0xb3" flowcontrol="Next" opcodetype="Primitive" operandtype="InlineNone" stackbehaviourpop="Pop1" stackbehaviourpush="Pushi" />
			<opcode name="conv.ovf.u1" op1="0xff" op2="0xb4" flowcontrol="Next" opcodetype="Primitive" operandtype="InlineNone" stackbehaviourpop="Pop1" stackbehaviourpush="Pushi" />
			<opcode name="conv.ovf.i2" op1="0xff" op2="0xb5" flowcontrol="Next" opcodetype="Primitive" operandtype="InlineNone" stackbehaviourpop="Pop1" stackbehaviourpush="Pushi" />
			<opcode name="conv.ovf.u2" op1="0xff" op2="0xb6" flowcontrol="Next" opcodetype="Primitive" operandtype="InlineNone" stackbehaviourpop="Pop1" stackbehaviourpush="Pushi" />
			<opcode name="conv.ovf.i4" op1="0xff" op2="0xb7" flowcontrol="Next" opcodetype="Primitive" operandtype="InlineNone" stackbehaviourpop="Pop1" stackbehaviourpush="Pushi" />
			<opcode name="conv.ovf.u4" op1="0xff" op2="0xb8" flowcontrol="Next" opcodetype="Primitive" operandtype="InlineNone" stackbehaviourpop="Pop1" stackbehaviourpush="Pushi" />
			<opcode name="conv.ovf.i8" op1="0xff" op2="0xb9" flowcontrol="Next" opcodetype="Primitive" operandtype="InlineNone" stackbehaviourpop="Pop1" stackbehaviourpush="Pushi8" />
			<opcode name="conv.ovf.u8" op1="0xff" op2="0xba" flowcontrol="Next" opcodetype="Primitive" operandtype="InlineNone" stackbehaviourpop="Pop1" stackbehaviourpush="Pushi8" />
			<opcode name="refanyval" op1="0xff" op2="0xc2" flowcontrol="Next" opcodetype="Primitive" operandtype="InlineType" stackbehaviourpop="Pop1" stackbehaviourpush="Pushi" />
			<opcode name="ckfinite" op1="0xff" op2="0xc3" flowcontrol="Next" opcodetype="Primitive" operandtype="InlineNone" stackbehaviourpop="Pop1" stackbehaviourpush="Pushr8" />
			<opcode name="mkrefany" op1="0xff" op2="0xc6" flowcontrol="Next" opcodetype="Primitive" operandtype="InlineType" stackbehaviourpop="Popi" stackbehaviourpush="Push1" />
			<opcode name="ldtoken" op1="0xff" op2="0xd0" flowcontrol="Next" opcodetype="Primitive" operandtype="InlineTok" stackbehaviourpop="Pop0" stackbehaviourpush="Pushi" />
			<opcode name="conv.u2" op1="0xff" op2="0xd1" flowcontrol="Next" opcodetype="Primitive" operandtype="InlineNone" stackbehaviourpop="Pop1" stackbehaviourpush="Pushi" />
			<opcode name="conv.u1" op1="0xff" op2="0xd2" flowcontrol="Next" opcodetype="Primitive" operandtype="InlineNone" stackbehaviourpop="Pop1" stackbehaviourpush="Pushi" />
			<opcode name="conv.i" op1="0xff" op2="0xd3" flowcontrol="Next" opcodetype="Primitive" operandtype="InlineNone" stackbehaviourpop="Pop1" stackbehaviourpush="Pushi" />
			<opcode name="conv.ovf.i" op1="0xff" op2="0xd4" flowcontrol="Next" opcodetype="Primitive" operandtype="InlineNone" stackbehaviourpop="Pop1" stackbehaviourpush="Pushi" />
			<opcode name="conv.ovf.u" op1="0xff" op2="0xd5" flowcontrol="Next" opcodetype="Primitive" operandtype="InlineNone" stackbehaviourpop="Pop1" stackbehaviourpush="Pushi" />
			<opcode name="add.ovf" op1="0xff" op2="0xd6" flowcontrol="Next" opcodetype="Primitive" operandtype="InlineNone" stackbehaviourpop="Pop1_pop1" stackbehaviourpush="Push1" />
			<opcode name="add.ovf.un" op1="0xff" op2="0xd7" flowcontrol="Next" opcodetype="Primitive" operandtype="InlineNone" stackbehaviourpop="Pop1_pop1" stackbehaviourpush="Push1" />
			<opcode name="mul.ovf" op1="0xff" op2="0xd8" flowcontrol="Next" opcodetype="Primitive" operandtype="InlineNone" stackbehaviourpop="Pop1_pop1" stackbehaviourpush="Push1" />
			<opcode name="mul.ovf.un" op1="0xff" op2="0xd9" flowcontrol="Next" opcodetype="Primitive" operandtype="InlineNone" stackbehaviourpop="Pop1_pop1" stackbehaviourpush="Push1" />
			<opcode name="sub.ovf" op1="0xff" op2="0xda" flowcontrol="Next" opcodetype="Primitive" operandtype="InlineNone" stackbehaviourpop="Pop1_pop1" stackbehaviourpush="Push1" />
			<opcode name="sub.ovf.un" op1="0xff" op2="0xdb" flowcontrol="Next" opcodetype="Primitive" operandtype="InlineNone" stackbehaviourpop="Pop1_pop1" stackbehaviourpush="Push1" />
			<opcode name="endfinally" op1="0xff" op2="0xdc" flowcontrol="Return" opcodetype="Primitive" operandtype="InlineNone" stackbehaviourpop="Pop0" stackbehaviourpush="Push0" />
			<opcode name="leave" op1="0xff" op2="0xdd" flowcontrol="Branch" opcodetype="Primitive" operandtype="InlineBrTarget" stackbehaviourpop="PopAll" stackbehaviourpush="Push0" />
			<opcode name="leave.s" op1="0xff" op2="0xde" flowcontrol="Branch" opcodetype="Primitive" operandtype="ShortInlineBrTarget" stackbehaviourpop="PopAll" stackbehaviourpush="Push0" />
			<opcode name="stind.i" op1="0xff" op2="0xdf" flowcontrol="Next" opcodetype="Primitive" operandtype="InlineNone" stackbehaviourpop="Popi_popi" stackbehaviourpush="Push0" />
			<opcode name="conv.u" op1="0xff" op2="0xe0" flowcontrol="Next" opcodetype="Primitive" operandtype="InlineNone" stackbehaviourpop="Pop1" stackbehaviourpush="Pushi" />
			<opcode name="arglist" op1="0xfe" op2="0x00" flowcontrol="Next" opcodetype="Primitive" operandtype="InlineNone" stackbehaviourpop="Pop0" stackbehaviourpush="Pushi" />
			<opcode name="ceq" op1="0xfe" op2="0x01" flowcontrol="Next" opcodetype="Primitive" operandtype="InlineNone" stackbehaviourpop="Pop1_pop1" stackbehaviourpush="Pushi" />
			<opcode name="cgt" op1="0xfe" op2="0x02" flowcontrol="Next" opcodetype="Primitive" operandtype="InlineNone" stackbehaviourpop="Pop1_pop1" stackbehaviourpush="Pushi" />
			<opcode name="cgt.un" op1="0xfe" op2="0x03" flowcontrol="Next" opcodetype="Primitive" operandtype="InlineNone" stackbehaviourpop="Pop1_pop1" stackbehaviourpush="Pushi" />
			<opcode name="clt" op1="0xfe" op2="0x04" flowcontrol="Next" opcodetype="Primitive" operandtype="InlineNone" stackbehaviourpop="Pop1_pop1" stackbehaviourpush="Pushi" />
			<opcode name="clt.un" op1="0xfe" op2="0x05" flowcontrol="Next" opcodetype="Primitive" operandtype="InlineNone" stackbehaviourpop="Pop1_pop1" stackbehaviourpush="Pushi" />
			<opcode name="ldftn" op1="0xfe" op2="0x06" flowcontrol="Next" opcodetype="Primitive" operandtype="InlineMethod" stackbehaviourpop="Pop0" stackbehaviourpush="Pushi" />
			<opcode name="ldvirtftn" op1="0xfe" op2="0x07" flowcontrol="Next" opcodetype="Primitive" operandtype="InlineMethod" stackbehaviourpop="Popref" stackbehaviourpush="Pushi" />
			<opcode name="ldarg" op1="0xfe" op2="0x09" flowcontrol="Next" opcodetype="Primitive" operandtype="InlineParam" stackbehaviourpop="Pop0" stackbehaviourpush="Push1" />
			<opcode name="ldarga" op1="0xfe" op2="0x0a" flowcontrol="Next" opcodetype="Primitive" operandtype="InlineParam" stackbehaviourpop="Pop0" stackbehaviourpush="Pushi" />
			<opcode name="starg" op1="0xfe" op2="0x0b" flowcontrol="Next" opcodetype="Primitive" operandtype="InlineParam" stackbehaviourpop="Pop1" stackbehaviourpush="Push0" />
			<opcode name="ldloc" op1="0xfe" op2="0x0c" flowcontrol="Next" opcodetype="Primitive" operandtype="InlineVar" stackbehaviourpop="Pop0" stackbehaviourpush="Push1" />
			<opcode name="ldloca" op1="0xfe" op2="0x0d" flowcontrol="Next" opcodetype="Primitive" operandtype="InlineVar" stackbehaviourpop="Pop0" stackbehaviourpush="Pushi" />
			<opcode name="stloc" op1="0xfe" op2="0x0e" flowcontrol="Next" opcodetype="Primitive" operandtype="InlineVar" stackbehaviourpop="Pop1" stackbehaviourpush="Push0" />
			<opcode name="localloc" op1="0xfe" op2="0x0f" flowcontrol="Next" opcodetype="Primitive" operandtype="InlineNone" stackbehaviourpop="Popi" stackbehaviourpush="Pushi" />
			<opcode name="endfilter" op1="0xfe" op2="0x11" flowcontrol="Return" opcodetype="Primitive" operandtype="InlineNone" stackbehaviourpop="Popi" stackbehaviourpush="Push0" />
			<opcode name="unaligned." op1="0xfe" op2="0x12" flowcontrol="Meta" opcodetype="Prefix" operandtype="ShortInlineI" stackbehaviourpop="Pop0" stackbehaviourpush="Push0" />
			<opcode name="volatile." op1="0xfe" op2="0x13" flowcontrol="Meta" opcodetype="Prefix" operandtype="InlineNone" stackbehaviourpop="Pop0" stackbehaviourpush="Push0" />
			<opcode name="tail." op1="0xfe" op2="0x14" flowcontrol="Meta" opcodetype="Prefix" operandtype="InlineNone" stackbehaviourpop="Pop0" stackbehaviourpush="Push0" />
			<opcode name="initobj" op1="0xfe" op2="0x15" flowcontrol="Next" opcodetype="Objmodel" operandtype="InlineType" stackbehaviourpop="Popi" stackbehaviourpush="Push0" />
			<opcode name="constrained." op1="0xfe" op2="0x16" flowcontrol="Next" opcodetype="Prefix" operandtype="InlineTok" stackbehaviourpop="Pop0" stackbehaviourpush="Push0" />
			<opcode name="cpblk" op1="0xfe" op2="0x17" flowcontrol="Next" opcodetype="Primitive" operandtype="InlineNone" stackbehaviourpop="Popi_popi_popi" stackbehaviourpush="Push0" />
			<opcode name="initblk" op1="0xfe" op2="0x18" flowcontrol="Next" opcodetype="Primitive" operandtype="InlineNone" stackbehaviourpop="Popi_popi_popi" stackbehaviourpush="Push0" />
			<opcode name="no." op1="0xfe" op2="0x19" flowcontrol="Next" opcodetype="Prefix" operandtype="ShortInlineI" stackbehaviourpop="Pop0" stackbehaviourpush="Push0" />
			<opcode name="rethrow" op1="0xfe" op2="0x1a" flowcontrol="Throw" opcodetype="Objmodel" operandtype="InlineNone" stackbehaviourpop="Pop0" stackbehaviourpush="Push0" />
			<opcode name="sizeof" op1="0xfe" op2="0x1c" flowcontrol="Next" opcodetype="Primitive" operandtype="InlineType" stackbehaviourpop="Pop0" stackbehaviourpush="Pushi" />
			<opcode name="refanytype" op1="0xfe" op2="0x1d" flowcontrol="Next" opcodetype="Primitive" operandtype="InlineNone" stackbehaviourpop="Pop1" stackbehaviourpush="Pushi" />
			<opcode name="readonly." op1="0xfe" op2="0x1e" flowcontrol="Next" opcodetype="Prefix" operandtype="InlineNone" stackbehaviourpop="Pop0" stackbehaviourpush="Push0" />
		</opcodes>

	</metadata>

	<!--
		This part contains all the collections
		that will be used in the Reflection ns
	-->
	<collections>
		<collection type="AssemblyNameReference" container="ModuleDefinition" visit="IReflectionStructure" target="Mono.Cecil" indexed="true" />
		<collection type="ModuleReference" container="ModuleDefinition" visit="IReflectionStructure" indexed="true" target="Mono.Cecil" />
		<collection type="ModuleDefinition" container="AssemblyDefinition" visit="IReflectionStructure" indexed="true" target="Mono.Cecil" />
		<collection type="Resource" container="ModuleDefinition" visit="IReflectionStructure" target="Mono.Cecil" indexed="true" />
		<collection type="TypeDefinition" container="ModuleDefinition" visit="IReflection" target="Mono.Cecil" />
		<collection type="TypeReference" container="ModuleDefinition" visit="IReflection" target="Mono.Cecil" />
		<collection type="TypeReference" container="TypeDefinition" visit="IReflection" name="Interface" indexed="true" target="Mono.Cecil" />
		<collection type="ParameterDefinition" container="IMemberReference" visit="IReflection" indexed="true" target="Mono.Cecil" />
		<collection type="MethodReference" container="MethodDefinition" visit="IReflection" name="Override" indexed="true" target="Mono.Cecil" />
		<collection type="MethodDefinition" container="TypeDefinition" visit="IReflection" indexed="true" target="Mono.Cecil" />
		<collection type="MethodDefinition" container="TypeDefinition" visit="IReflection" name="Constructor" indexed="true" target="Mono.Cecil" />
		<collection type="EventDefinition" container="TypeDefinition" visit="IReflection" target="Mono.Cecil" indexed="true" />
		<collection type="FieldDefinition" container="TypeDefinition" visit="IReflection" target="Mono.Cecil" indexed="true" />
		<collection type="PropertyDefinition" container="TypeDefinition" visit="IReflection" target="Mono.Cecil" indexed="true" />
		<collection type="Instruction" container="MethodBody" visit="ICode" indexed="true" target="Mono.Cecil.Cil" />
		<collection type="ExceptionHandler" container="MethodBody" visit="ICode" indexed="true" target="Mono.Cecil.Cil" />
		<collection type="VariableDefinition" container="MethodBody" visit="ICode" indexed="true" target="Mono.Cecil.Cil" />
		<collection type="ArrayDimension" container="ArrayType" target="Mono.Cecil" indexed="true" />
		<!-- modified behaviour
		<collection type="SecurityDeclaration" container="IHasSecurity" usecontainerinterface="true" target="Mono.Cecil" indexed="true" visit="IReflection" />
		-->
		<collection type="CustomAttribute" container="ICustomAttributeProvider" usecontainerinterface="true" target="Mono.Cecil" indexed="true" visit="IReflection" />
		<collection type="TypeReference" container="ModuleDefinition" target="Mono.Cecil" visit="IReflection" name="ExternType" />
		<collection type="TypeDefinition" container="TypeDefinition" target="Mono.Cecil" visit="IReflection" name="NestedType" indexed="true" />
		<collection type="MemberReference" container="ModuleDefinition" target="Mono.Cecil" visit="IReflection" indexed="true" />
		<collection type="GenericParameter" container="IGenericParameterProvider" usecontainerinterface="true" target="Mono.Cecil" indexed="true" visit="IReflection" />
		<collection type="TypeReference" name="GenericArgument" container="IGenericArgumentProvider" target="Mono.Cecil" indexed="true" />
	</collections>

</cecil>
